"bid","Title","field_block_text_1","field_block_text_2","field_block_text_3","field_block_link_title","field_block_link_url","filepath"
66,"share_recipe","sanco_share_recipe",,,"sanco_share_recipe_button","node/add/recipes",
67,"recipe_intro","sanco_intro_text",,,,,
68,"sanco_cities_intro","sanco_cities_intro",,,,,
69,"sanco_what","sanco_what_this_all_about","sanco_what_this_all_about_intro",,"sanco_read_more","the-campaign/who-we-are",
70,"sanco_for_me","sanco_what_in_it_for_me","sanco_what_in_it_for_me_intro",,"sanco_read_more","being-healthy",
71,"sanco_why_be_healthy","sanco_why_be_healthy","sanco_why_be_healthy_long_text",,"sanco_read_more","being-healthy/why-be-healthy",
72,"sanco_for_pregnant_women","sanco_for_pregnant_women","sanco_for_pregnant_women_long_text",,"sanco_read_more","node/1331","http://i.telegraph.co.uk/multimedia/archive/02176/pregnant_2176694b.jpg"
73,"sanco_for_kids_and_parents","sanco_for_kids_and_parents","sanco_for_kids_and_parents_long_text",,"sanco_read_more","node/1332","http://upload.wikimedia.org/wikipedia/en/b/b2/Pinner_Kids_Rugby.jpg"
74,"sanco_for_eldery","sanco_for_eldery","sanco_for_eldery_long_text",,"sanco_read_more","node/1333","http://emergencydentistcare.com/wp-content/uploads/2012/06/elderly-smile.jpg"
75,"sanco_checkout_recipes","sanco_checkout_recipes","sanco_checkout_recipes_intro",,"sanco_read_more","the-campaign/contact-us","http://cada24horas.com/images/macedonia.jpg"
76,"sanco_find_out_how_healthy","sanco_find_out_how_healthy_you_are",,,"sanco_take_the_survey","take-the-survey",
77,"sanco_activities_intro","sanco_activities_intro",,,,,
78,"sanco_get_in_touch",,,,"sanco_get_in_touch","the-campaign/contact-us",
79,"sanco_contact",,,,"sanco_got_a_question","the-campaign/contact-us",
80,"sanco_want_to_add",,,,"sanco_want_to_add","the-campaign/contact-us",
81,"sanco_supporters_text_intro","sanco_supporters_text_intro",,,,,
82,"sanco_intro_image_the_campaign",,,,,,"http://sitemaker.umich.edu/gemini/search_images/da.data/000000000000000000000000000000000000000001165854/File/salad.jpg"
83,"sanco_campaign_why_we_love_eating","sanco_why_we_love_eating","sanco_why_we_love_eating_little_text",,"sanco_read_more","the-campaign/why-we-love-eating",
84,"sanco_campaign_how_it_works","sanco_how_it_works","sanco_how_it_works_little_text",,"sanco_read_more","the-campaign/how-it-works",
85,"sanco_campaign_news","sanco_campaign_news","sanco_campaign_news_little_text",,"sanco_read_more","the-campaign/campaign-news",
86,"sanco_campaign_tools","sanco_the_tools","sanco_the_tools_little_text",,"sanco_read_more","the-campaign/the-tools",
87,"sanco_campaign_activities","sanco_activities","sanco_activities_little_text",,"sanco_read_more","the-campaign/activities",
88,"sanco_campaign_who_we_are","sanco_who_we_are","sanco_who_we_are_little_text",,"sanco_read_more","the-campaign/who-we-are",
89,"sanco_campaign_supporters","sanco_supporters","sanco_supporters_little_text",,"sanco_read_more","the-campaign/supporters",
90,"sanco_take_survey_intro_page","sanco_take_survey_intro_page",,,,,
91,"sanco_play_the_game_intro_page","sanco_play_the_game_intro_page",,,,,
